{"cameraMode":{"drawMode":0,"name":"Shaded","section":"Shading Mode"},"sceneLighting":false,"audioPlay":false,"sceneViewState":{"m_AlwaysRefresh":false,"showFog":true,"showSkybox":false,"showFlares":true,"showImageEffects":true,"showParticleSystems":true,"showVisualEffectGraphs":true,"m_FxEnabled":true},"in2DMode":false,"pivot":{"x":-0.00009518861770629883,"y":0.8843088150024414,"z":-0.018987417221069337},"rotation":{"x":-0.038684993982315066,"y":0.9612964987754822,"z":-0.1958654671907425,"w":-0.18986588716506959},"size":0.8000600337982178,"orthographic":true}