{"cameraMode":{"drawMode":0,"name":"Shaded","section":"Shading Mode"},"sceneLighting":false,"audioPlay":false,"sceneViewState":{"m_AlwaysRefresh":false,"showFog":true,"showSkybox":false,"showFlares":true,"showImageEffects":true,"showParticleSystems":true,"showVisualEffectGraphs":true,"m_FxEnabled":true},"in2DMode":false,"pivot":{"x":5.080801486968994,"y":-0.26098793745040896,"z":-0.940057098865509},"rotation":{"x":0.20415568351745606,"y":0.11278335005044937,"z":-0.023685278370976449,"w":0.9721319675445557},"size":1.39918053150177,"orthographic":true}