{"cameraMode":{"drawMode":0,"name":"Shaded","section":"Shading Mode"},"sceneLighting":false,"audioPlay":false,"sceneViewState":{"m_AlwaysRefresh":false,"showFog":true,"showSkybox":false,"showFlares":true,"showImageEffects":true,"showParticleSystems":true,"showVisualEffectGraphs":true,"m_FxEnabled":true},"in2DMode":false,"pivot":{"x":-0.005850240588188171,"y":1.2693862915039063,"z":0.32420089840888979},"rotation":{"x":0.005991415586322546,"y":0.9864532947540283,"z":-0.15969930589199067,"w":0.037008900195360187},"size":0.468611478805542,"orthographic":true}