{"cameraMode":{"drawMode":0,"name":"Shaded","section":"Shading Mode"},"sceneLighting":false,"audioPlay":false,"sceneViewState":{"m_AlwaysRefresh":false,"showFog":true,"showSkybox":false,"showFlares":true,"showImageEffects":true,"showParticleSystems":true,"showVisualEffectGraphs":true,"m_FxEnabled":true},"in2DMode":false,"pivot":{"x":0.018527895212173463,"y":1.2852070331573487,"z":0.2774641513824463},"rotation":{"x":0.001486649620346725,"y":0.1333971619606018,"z":0.0002000426611630246,"w":-0.9910614490509033},"size":0.757236659526825,"orthographic":true}